{"voxels_min": 96.4, "voxels_max": 362.91, "voxels_mean": 0.35984948589728893, "voxels_std": 0.18478351590573636}