{"voxels_min": 96.4, "voxels_max": 362.91, "voxels_mean": 0.359849485897289, "voxels_std": 0.18478351590573636}